-- phpMyAdmin SQL Dump
-- version 5.0.3
-- https://www.phpmyadmin.net/
--
-- Host: 127.0.0.1
-- Waktu pembuatan: 31 Mar 2021 pada 10.25
-- Versi server: 10.4.14-MariaDB
-- Versi PHP: 7.4.11

SET SQL_MODE = "NO_AUTO_VALUE_ON_ZERO";
START TRANSACTION;
SET time_zone = "+00:00";


/*!40101 SET @OLD_CHARACTER_SET_CLIENT=@@CHARACTER_SET_CLIENT */;
/*!40101 SET @OLD_CHARACTER_SET_RESULTS=@@CHARACTER_SET_RESULTS */;
/*!40101 SET @OLD_COLLATION_CONNECTION=@@COLLATION_CONNECTION */;
/*!40101 SET NAMES utf8mb4 */;

--
-- Database: `sis_penmas`
--

-- --------------------------------------------------------

--
-- Struktur dari tabel `masyarakat`
--

CREATE TABLE `masyarakat` (
  `nik` char(16) NOT NULL,
  `nama` varchar(35) NOT NULL,
  `username` varchar(25) NOT NULL,
  `password` varchar(32) NOT NULL,
  `telp` varchar(13) NOT NULL
) ENGINE=InnoDB DEFAULT CHARSET=utf8mb4;

--
-- Dumping data untuk tabel `masyarakat`
--

INSERT INTO `masyarakat` (`nik`, `nama`, `username`, `password`, `telp`) VALUES
('09876756', 'Lei', 'Lei123', '123', '081239123'),
('12345678', 'Adrian', 'adrian1234', 'adrian', '081991483336'),
('312314', 'Agus', 'Agus123', 'qwerty123', '081239123');

-- --------------------------------------------------------

--
-- Struktur dari tabel `pengaduan`
--

CREATE TABLE `pengaduan` (
  `id_pengaduan` int(11) NOT NULL,
  `tgl_pengaduan` date NOT NULL,
  `nik` char(16) NOT NULL,
  `isi_laporan` text NOT NULL,
  `foto` varchar(255) NOT NULL,
  `status` enum('0','proses','selesai') NOT NULL
) ENGINE=InnoDB DEFAULT CHARSET=utf8mb4;

--
-- Dumping data untuk tabel `pengaduan`
--

INSERT INTO `pengaduan` (`id_pengaduan`, `tgl_pengaduan`, `nik`, `isi_laporan`, `foto`, `status`) VALUES
(4, '2021-03-18', '312314', 'contoh aja', '84268.jpg', 'proses'),
(6, '2021-03-30', '12345678', 'Jalan di depan rusak', '24496273370-jalan.jpg', '0'),
(8, '2021-03-31', '12345678', 'jalan rusak', '24496273370-jalan2.jpg', '0'),
(10, '2021-03-31', '09876756', 'Pohon Tumbang', 'tree-4863208_960_7201.jpg', '0'),
(11, '2021-03-31', '12345678', 'asdasdasd', '28366537811.jpg', '0');

-- --------------------------------------------------------

--
-- Struktur dari tabel `petugas`
--

CREATE TABLE `petugas` (
  `id_petugas` int(11) NOT NULL,
  `nama_petugas` varchar(35) NOT NULL,
  `username` varchar(25) NOT NULL,
  `password` varchar(32) NOT NULL,
  `telp` varchar(13) NOT NULL,
  `level` enum('admin','petugas','masyarakat') NOT NULL
) ENGINE=InnoDB DEFAULT CHARSET=utf8mb4;

--
-- Dumping data untuk tabel `petugas`
--

INSERT INTO `petugas` (`id_petugas`, `nama_petugas`, `username`, `password`, `telp`, `level`) VALUES
(1, 'Rizky', 'Rizky1234', '1234', '081239', 'admin'),
(2, 'Adrian', 'adrian123', '123', '0812393821', 'petugas');

-- --------------------------------------------------------

--
-- Struktur dari tabel `tanggapan`
--

CREATE TABLE `tanggapan` (
  `id_tanggapan` int(11) NOT NULL,
  `id_pengaduan` int(11) NOT NULL,
  `tgl_tanggapan` date NOT NULL,
  `tanggapan` text NOT NULL,
  `id_petugas` int(11) NOT NULL
) ENGINE=InnoDB DEFAULT CHARSET=utf8mb4;

--
-- Dumping data untuk tabel `tanggapan`
--

INSERT INTO `tanggapan` (`id_tanggapan`, `id_pengaduan`, `tgl_tanggapan`, `tanggapan`, `id_petugas`) VALUES
(2, 4, '2021-03-18', 'Sudah Selesai', 2),
(3, 6, '2021-03-31', 'Akan Kami Tanggapi', 0),
(4, 6, '2021-03-31', 'trst', 0),
(5, 6, '2021-03-31', 'Akan Kami Tanggapi', 2),
(6, 8, '2021-03-31', 'Test2', 2),
(7, 10, '2021-03-31', 'Terimakasih Sudah Memberi Tahu Kami :) asda', 2),
(8, 11, '2021-03-31', 'Test2', 2);

--
-- Indexes for dumped tables
--

--
-- Indeks untuk tabel `masyarakat`
--
ALTER TABLE `masyarakat`
  ADD PRIMARY KEY (`nik`);

--
-- Indeks untuk tabel `pengaduan`
--
ALTER TABLE `pengaduan`
  ADD PRIMARY KEY (`id_pengaduan`);

--
-- Indeks untuk tabel `petugas`
--
ALTER TABLE `petugas`
  ADD PRIMARY KEY (`id_petugas`);

--
-- Indeks untuk tabel `tanggapan`
--
ALTER TABLE `tanggapan`
  ADD PRIMARY KEY (`id_tanggapan`);

--
-- AUTO_INCREMENT untuk tabel yang dibuang
--

--
-- AUTO_INCREMENT untuk tabel `pengaduan`
--
ALTER TABLE `pengaduan`
  MODIFY `id_pengaduan` int(11) NOT NULL AUTO_INCREMENT, AUTO_INCREMENT=12;

--
-- AUTO_INCREMENT untuk tabel `petugas`
--
ALTER TABLE `petugas`
  MODIFY `id_petugas` int(11) NOT NULL AUTO_INCREMENT, AUTO_INCREMENT=3;

--
-- AUTO_INCREMENT untuk tabel `tanggapan`
--
ALTER TABLE `tanggapan`
  MODIFY `id_tanggapan` int(11) NOT NULL AUTO_INCREMENT, AUTO_INCREMENT=9;
COMMIT;

/*!40101 SET CHARACTER_SET_CLIENT=@OLD_CHARACTER_SET_CLIENT */;
/*!40101 SET CHARACTER_SET_RESULTS=@OLD_CHARACTER_SET_RESULTS */;
/*!40101 SET COLLATION_CONNECTION=@OLD_COLLATION_CONNECTION */;
